[
  {
    "id": "0f536099-6dc7-48c5-94e4-cff6a3194a5b",
    "data": [
      {
        "text": "mild fever",
        "meta": "@sys.any",
        "alias": "symptom",
        "userDefined": true
      }
    ],
    "isTemplate": false,
    "count": 0,
    "lang": "en",
    "updated": 0
  },
  {
    "id": "dd2a0783-df39-48fd-8de6-433cc0aeeffe",
    "data": [
      {
        "text": "vomiting",
        "meta": "@sys.any",
        "alias": "symptom",
        "userDefined": true
      }
    ],
    "isTemplate": false,
    "count": 0,
    "lang": "en",
    "updated": 0
  },
  {
    "id": "d6d856ea-d5f6-4d09-aa9d-8f7d3c3109ea",
    "data": [
      {
        "text": "headache",
        "meta": "@sys.any",
        "alias": "symptom",
        "userDefined": true
      }
    ],
    "isTemplate": false,
    "count": 0,
    "lang": "en",
    "updated": 0
  }
]