[
  {
    "id": "e1876557-a2c9-4d2a-9a88-d0681b1572e0",
    "data": [
      {
        "text": "Yamin,",
        "meta": "@sys.last-name",
        "alias": "last-name",
        "userDefined": true
      },
      {
        "text": " ",
        "userDefined": false
      },
      {
        "text": "25",
        "meta": "@sys.age",
        "alias": "age",
        "userDefined": true
      }
    ],
    "isTemplate": false,
    "count": 0,
    "lang": "en",
    "updated": 0
  },
  {
    "id": "7f0dbbb0-2ff4-4a46-9de1-bf9285cdb29d",
    "data": [
      {
        "text": "My name is ",
        "userDefined": false
      },
      {
        "text": "Yamin",
        "meta": "@sys.last-name",
        "alias": "last-name",
        "userDefined": true
      },
      {
        "text": " and I am ",
        "userDefined": false
      },
      {
        "text": "25",
        "meta": "@sys.age",
        "alias": "age",
        "userDefined": true
      },
      {
        "text": " Years old",
        "userDefined": false
      }
    ],
    "isTemplate": false,
    "count": 0,
    "lang": "en",
    "updated": 0
  },
  {
    "id": "006067f6-aca1-4da5-9735-c952b41d1e94",
    "data": [
      {
        "text": "Yamin",
        "meta": "@sys.last-name",
        "alias": "last-name",
        "userDefined": true
      },
      {
        "text": " and ",
        "userDefined": false
      },
      {
        "text": "25",
        "meta": "@sys.age",
        "alias": "age",
        "userDefined": true
      }
    ],
    "isTemplate": false,
    "count": 0,
    "lang": "en",
    "updated": 0
  },
  {
    "id": "5a1f5bbc-dbbe-4b2d-a38d-20fc5114404d",
    "data": [
      {
        "text": "Yamin",
        "meta": "@sys.last-name",
        "alias": "last-name",
        "userDefined": true
      },
      {
        "text": " ",
        "userDefined": false
      },
      {
        "text": "25",
        "meta": "@sys.age",
        "alias": "age",
        "userDefined": true
      }
    ],
    "isTemplate": false,
    "count": 0,
    "lang": "en",
    "updated": 0
  }
]